{
  "project_info": {
    "project_number": "81860240678",
    "firebase_url": "https://school-literature.firebaseio.com",
    "project_id": "school-literature",
    "storage_bucket": "school-literature.appspot.com"
  },
  "client": [
    {
      "client_info": {
        "mobilesdk_app_id": "1:81860240678:android:f0e67e93cb1998634b0de7",
        "android_client_info": {
          "package_name": "fitisov123.schoolliterature"
        }
      },
      "oauth_client": [
        {
          "client_id": "81860240678-e8val8lm35nmcr86onfc88s7ldn39g7f.apps.googleusercontent.com",
          "client_type": 1,
          "android_info": {
            "package_name": "fitisov123.schoolliterature",
            "certificate_hash": "3ce856deb28d9f16fa18e2b18c2bd59586542221"
          }
        },
        {
          "client_id": "81860240678-qjmp6jeihnlogl96gjflsbegceg03b7k.apps.googleusercontent.com",
          "client_type": 3
        }
      ],
      "api_key": [
        {
          "current_key": "AIzaSyB9NN0uQlEFvV9XSmt8Z1uH5IyC0Bin_9Y"
        }
      ],
      "services": {
        "appinvite_service": {
          "other_platform_oauth_client": [
            {
              "client_id": "81860240678-qjmp6jeihnlogl96gjflsbegceg03b7k.apps.googleusercontent.com",
              "client_type": 3
            }
          ]
        }
      }
    }
  ],
  "configuration_version": "1"
}